{
	"app.common.add": "Add",
	"app.common.addNew": "Add new",
	"app.common.devices": "Devices",
	"app.common.error": "Error",
	"app.common.lastmonth": "Last Month",
	"app.common.lastweek": "Last week",
	"app.common.alltime": "All time",
	"app.common.loading": "Loading",
	"app.common.noEntries": "No entries",
	"app.common.orderPayment": "Order",
	"app.common.remove": "Remove",
	"app.common.submit": "Submit",
	"app.common.today": "Today",
	"app.common.visitors": "Visitors",
	"app.common.order": "Order",
	"app.common.cancel": "Cancel",
	"app.common.nextPaymentDate": "The next payment date",
	"app.common.datePayment": "Fri, 31 may 2019",
	"app.common.howMuchWithdraw": "How much do you want to withdraw?",
	"app.components.AddBannerForm.header": "This is the AddBannerForm component!",
	"app.components.AddBannerForm.mainDomain": "Domain #1",
	"app.components.AddBannerForm.siteName": "Название площадки",
	"app.components.BannersTable.header": "This is the BannersTable component!",
	"app.components.FaqPage.header": "This is the FaqPage component!",
	"app.components.LoginForm.header": "SIGN IN WITH EMAIL",
	"app.components.OpenIdBlock.metamaskText": "You should previously install metamask browser plugin.",
	"app.components.RestorePassword.header": "Restore password",
	"app.components.SignupForm.header": "SIGN UP",
	"app.components.SitesTable.header": "This is the SitesTable component!",
	"app.components.SlotsListDesktop.addBanner": "Add banner",
	"app.components.SlotsListDesktop.bannersList": "Banners list",
	"app.components.SlotsListMobile.header": "This is the SlotsListMobile component!",
	"app.components.SlotsListSdk.header": "This is the SlotsListSdk component!",
	"app.containers.Dashboard.DataMiningHeader": "Data Mining Dashboard",
	"app.containers.Dashboard.addCounter": "Add counter",
	"app.containers.Dashboard.addWorker": "Add counter",
	"app.containers.Dashboard.averageProfitability": "Average Profitability",
	"app.containers.Dashboard.counterHeader": "Counter list",
	"app.containers.Dashboard.dataMiningHeader": "Data Mining Dashboard",
	"app.containers.Dashboard.nextPayout": "Next Payout",
	"app.containers.Dashboard.profitability": "Profitability",
	"app.containers.Dashboard.revenuePerDay": "Revenue per day",
	"app.containers.Dashboard.topWorkers": "Top counters",
	"app.containers.Dashboard.uniqVisitorsReward": "Unique visitor reward",
	"app.containers.Dashboard.unpaidBalance": "Unpaid balance",
	"app.containers.Dashboard.visitorsStatistics": "Visitor's Statistics",
	"app.containers.Dashboard.workersOnline": "Counters on-line",
	"app.containers.DataMiner.AddCounterHeader": "Add counter",
	"app.containers.DataMiner.DataMiningHeader": "Data Mining Dashboard",
	"app.containers.DataMiner.addCounter": "Add counter",
	"app.containers.DataMiner.averageProfitability": "Average Profitability",
	"app.containers.DataMiner.counterForm.agreement": "Accept data from all subdomains",
	"app.containers.DataMiner.counterForm.agreement2": "I accept <a href='https://static.ubex.io/legal/terms.pdf'>Terms of Use</a> and <a href='https://static.ubex.io/legal/policy.pdf'>Privacy Policy</a> of the service",
	"app.containers.DataMiner.counterForm.agreement3": "I will not save the full IP addresses of site visitors",
	"app.containers.DataMiner.counterForm.categories": "Categories",
	"app.containers.DataMiner.counterForm.category": "Category",
	"app.containers.DataMiner.counterForm.counterCode": "Counter code",
	"app.containers.DataMiner.counterForm.counterDescription": "Copy the code and insert it into the HTML template of all\n\t\tthe web pages of your site. The code should be placed in\n\t\tbetween of the\n\t\t<pre><code>&lt;head&gt;&lt;/head&gt;</code></pre>\n\t\tand\n\t\t<pre><code>&lt;body&gt;&lt;/body&gt;</code></pre>\n\t\ttag marks. Set the code as close to the top of the page as\n\t\tpossible so that it gets loaded within the shortest period\n\t\tof time. If case of using Google Tag Manager, create a new\n\t\tCustom HTML tag and copy our counter code into it. Don't\n\t\tforget to check the \"All pages\" trigger.",
	"app.containers.DataMiner.counterForm.domain": "Domain",
	"app.containers.DataMiner.counterForm.domainAlias": "Domain alias #{number}",
	"app.containers.DataMiner.counterForm.region": "Region",
	"app.containers.DataMiner.counterForm.siteName": "Site name",
	"app.containers.DataMiner.counterForm.timezone": "Timezone",
	"app.containers.DataMiner.counterHeader": "Counter list",
	"app.containers.DataMiner.countersListHeader": "Counter list",
	"app.containers.DataMiner.dataMiningHeader": "Data mining dashboard",
	"app.containers.DataMiner.day": "DAY",
	"app.containers.DataMiner.nextPayout": "Next Payout",
	"app.containers.DataMiner.profitability": "Profitability",
	"app.containers.DataMiner.revenuePerDay": "Revenue per day",
	"app.containers.DataMiner.topCounters": "Top counters",
	"app.containers.DataMiner.uniqVisitorsReward": "Unique visitor reward",
	"app.containers.DataMiner.uniqueVisitors": "Unique visitors",
	"app.containers.DataMiner.unpaidBalance": "Unpaid balance",
	"app.containers.DataMiner.visitorsStatistics": "Регионы",
	"app.containers.DataMiner.countersOnline": "Counters on-line",
	"app.containers.DataMiner.accountbalance": "Account balance",
	"app.containers.DataMiner.reports.visitors": "123",
	"app.containers.DataMiner.visitors": "Visitors",
	"app.containers.DataMiner.regions": "Regions",
	"app.containers.DataMiner.devices": "Devices",
	"app.containers.DataMiner.channel": "Channel",
	"app.containers.DataMiner.warning": "Warning",
	"app.containers.DataMiner.paymentsHistory": "Payments History",
	"app.containers.DataMiner.warningtext": "Data Mining Platform working in test mode.",
	"app.containers.DataMiner.pay": "Pay",
	"app.containers.DataMiner.amount": "Amount",
	"app.containers.DataMiner.depositamount": "Enter the deposit amount",
	"app.containers.DataMiner.payattention": "Attention! The minimum amount of replenishment is $ 100.",
	"app.containers.DataMiner.payannotation": "To deposit funds to the advertiser's personal account balance:",
	"app.containers.DataMiner.payannotation1": "Choose a convenient payment method",
	"app.containers.DataMiner.payannotation2": "Enter the amount to replenish and click on Pay",
	"app.containers.DataMiner.payannotation3": "Follow the system prompts for payment",
	"app.containers.HomePage.header": "This is the HomePage container!",
	"app.containers.NotFoundPage.header": "This is the NotFoundPage container!",
	"app.containers.Passport.header": "This is the Passport container!",
	"app.containers.Publisher.CPC": "CPC",
	"app.containers.Publisher.CTR": "CTR",
	"app.containers.Publisher.PublisherHeader": "Publisher dashboard",
	"app.containers.Publisher.RPM": "RPM",
	"app.containers.Publisher.addSlot": "Add slot",
	"app.containers.Publisher.averageCPC": "Average CPC",
	"app.containers.Publisher.averageProfitability": "Average Profitability",
	"app.containers.Publisher.clicksCount": "Количество кликов",
	"app.containers.Publisher.counterHeader": "Counter list",
	"app.containers.Publisher.nextPayout": "Next Payout",
	"app.containers.Publisher.profitability": "Profitability",
	"app.containers.Publisher.revenuePerDay": "Revenue per day",
	"app.containers.Publisher.sex": "Sex",
	"app.containers.Publisher.slotWasShown": "Slot was shown",
	"app.containers.Publisher.topSites": "Top sites",
	"app.containers.Publisher.uniqVisitorsReward": "Unique visitor reward",
	"app.containers.Publisher.unpaidBalance": "Unpaid balance",
	"app.containers.Publisher.visitorsStatistics": "Visitor's Statistics",
	"app.containers.UserPage.address1": "First address line",
	"app.containers.UserPage.address2": "Second address line",
	"app.containers.UserPage.birthday": "Users birth date",
	"app.containers.UserPage.city": "City",
	"app.containers.UserPage.companyTab": "My companies",
	"app.containers.UserPage.country": "Country",
	"app.containers.UserPage.description": "Your personal information and companies",
	"app.containers.UserPage.email": "E-mail",
	"app.containers.UserPage.employed": "Employed",
	"app.containers.UserPage.employment": "Employment",
	"app.containers.UserPage.employmentStatus": "Employment status",
	"app.containers.UserPage.firstName": "First Name",
	"app.containers.UserPage.gender": "Gender",
	"app.containers.UserPage.inheritance": "Inheritance",
	"app.containers.UserPage.investments": "Investments",
	"app.containers.UserPage.kyc": "KYC",
	"app.containers.UserPage.kycFile1": "Home page with photo",
	"app.containers.UserPage.kycFile2": "Page with registration",
	"app.containers.UserPage.kycFile3": "Selfie with passport",
	"app.containers.UserPage.language": "Language",
	"app.containers.UserPage.lastName": "Last Name",
	"app.containers.UserPage.myContacts": "My contacts",
	"app.containers.UserPage.myWallets": "My Wallets",
	"app.containers.UserPage.nameOfDocument": "Name of document",
	"app.containers.UserPage.numberOfDocument": "Number of document",
	"app.containers.UserPage.other": "Other",
	"app.containers.UserPage.ownershipOfABusiness": "Ownership of a business",
	"app.containers.UserPage.personalTab": "Personal data",
	"app.containers.UserPage.phone": "Phone",
	"app.containers.UserPage.postcode": "Users postcode/zipcode",
	"app.containers.UserPage.profile": "Profile",
	"app.containers.UserPage.selfEmployed": "Self-employed",
	"app.containers.UserPage.sourceOfFinancing": "Source of financing",
	"app.containers.UserPage.unemployed": "Unemployed",
	"app.sidebar.addcounter": "Add Worker",
	"app.sidebar.counters": "Counters",
	"app.sidebar.counterstats": "Worker Stats",
	"app.sidebar.dashboard": "Dashboard",
	"app.sidebar.faq": "FAQ",
	"app.sidebar.adUnits": "Ad unit",
	"app.sidebar.adUnits.bannerSlot": "Banner",
	"app.sidebar.adUnits.teaserSlot": "Teaser",
	"app.sidebar.adUnits.mobileSDK": "Mobile SDK",
	"app.sidebar.adUnits.videoADS": "Video ADS",
	"app.sidebar.adUnits.socialADS": "Social ADS",
	"app.sidebar.adUnits.cpaOFFERS": "CPA offers",
	"app.sidebar.orderPayment": "Order payment",
	"app.sidebar.payments": "Payments",
	"app.sidebar.payments.history": "Payment history",
	"app.sidebar.payments.pay": "Account balance",
	"app.sidebar.reports": "Reports",
	"app.sidebar.reports.channel": "Channel",
	"app.sidebar.reports.devices": "Devices",
	"app.sidebar.reports.profitCounters": "Profitability counters",
	"app.sidebar.reports.regions": "Regions",
	"app.sidebar.reports.uniqueVisitors": "Unique visitors",
	"app.sidebar.reports.visitors": "Visitors",
	"app.sidebar.settings": "Settings",
	"app.sidebar.reports.user": "User",
	"app.sidebar.reports.sex": "Sex",
	"app.sidebar.reports.topsites": "Top sites",
	"app.sidebar.reports.age": "Age",
	"app.sidebar.reports.format": "Format",
	"app.sidebar.reports.profitability": "Profitability",
	"app.navbar.profile": "Profile",
	"app.navbar.logout": "Logout"
}
