{
	"app.common.add": "",
	"app.common.addNew": "Добавить",
	"app.common.devices": "Устройства",
	"app.common.error": "",
	"app.common.lastmonth": "Последний месяц",
	"app.common.lastweek": "Последняя неделя",
	"app.common.alltime": "За все время",
	"app.common.loading": "",
	"app.common.noEntries": "",
	"app.common.orderPayment": "Запрос выплаты",
	"app.common.remove": "",
	"app.common.submit": "Отправить",
	"app.common.today": "Сегодня",
	"app.common.visitors": "Посетители",
	"app.common.order": "Запрос",
	"app.common.cancel": "Отменить",
	"app.common.nextPaymentDate": "Дата следующей выплаты",
	"app.common.datePayment": "Пт, 31 мая 2019",
	"app.common.howMuchWithdraw": "Сколько вы хотите вывести?",
	"app.components.AddBannerForm.header": "",
	"app.components.AddBannerForm.mainDomain": "",
	"app.components.AddBannerForm.siteName": "",
	"app.components.BannersTable.header": "",
	"app.components.FaqPage.header": "",
	"app.components.LoginForm.header": "Войдите через Email",
	"app.components.OpenIdBlock.metamaskText": "",
	"app.components.RestorePassword.header": "Востановление пароля",
	"app.components.SignupForm.header": "Зарегистрироваться",
	"app.components.SitesTable.header": "",
	"app.components.SlotsListDesktop.addBanner": "",
	"app.components.SlotsListDesktop.bannersList": "",
	"app.components.SlotsListMobile.header": "",
	"app.components.SlotsListSdk.header": "",
	"app.containers.Dashboard.DataMiningHeader": "",
	"app.containers.DataMiner.paymentsHistory": "История платежей",
	"app.containers.Dashboard.addCounter": "Добавить счетчик",
	"app.containers.Dashboard.addWorker": "Добавить счетчик",
	"app.containers.Dashboard.averageProfitability": "Средняя рентабельность",
	"app.containers.Dashboard.counterHeader": "",
	"app.containers.Dashboard.dataMiningHeader": "Управление дата-майнингом",
	"app.containers.Dashboard.nextPayout": "Следующая выплата",
	"app.containers.Dashboard.profitability": "Рентабельность",
	"app.containers.Dashboard.revenuePerDay": "Выручка в день",
	"app.containers.Dashboard.topWorkers": "Топ счетчиков",
	"app.containers.Dashboard.uniqVisitorsReward": "Награда за уникальных посетителей",
	"app.containers.Dashboard.unpaidBalance": "Невыплаченнные средства",
	"app.containers.Dashboard.visitorsStatistics": "Статистика посещений",
	"app.containers.Dashboard.workersOnline": "Счетчики on-line",
	"app.containers.DataMiner.AddCounterHeader": "Добавить счетчик",
	"app.containers.DataMiner.DataMiningHeader": "",
	"app.containers.DataMiner.day": "ДЕНЬ",
	"app.containers.DataMiner.addCounter": "Добавить счетчик",
	"app.containers.DataMiner.averageProfitability": "Средняя доходность",
	"app.containers.DataMiner.counterForm.agreement": "Принимать данные со всех поддоменов",
	"app.containers.DataMiner.counterForm.agreement2": "Я принимаю <a href='https://static.ubex.io/legal/terms.pdf'>Условия использования</a> и <a href='https://static.ubex.io/legal/policy.pdf'>Политику конфиденциальности</a> сервиса",
	"app.containers.DataMiner.counterForm.agreement3": "Я не буду сохранять полные IP-адреса посетителей сайта",
	"app.containers.DataMiner.counterForm.categories": "Категории",
	"app.containers.DataMiner.counterForm.category": "Категории",
	"app.containers.DataMiner.counterForm.counterCode": "Код счетчика",
	"app.containers.DataMiner.counterForm.counterDescription": "",
	"app.containers.DataMiner.counterForm.domain": "Домен",
	"app.containers.DataMiner.counterForm.domainAlias": "Алиасы",
	"app.containers.DataMiner.counterForm.region": "Регион",
	"app.containers.DataMiner.counterForm.siteName": "Название сайта",
	"app.containers.DataMiner.counterForm.timezone": "Часовой пояс",
	"app.containers.DataMiner.counterHeader": "",
	"app.containers.DataMiner.countersListHeader": "Список счетчиков",
	"app.containers.DataMiner.dataMiningHeader": "",
	"app.containers.DataMiner.nextPayout": "Следующая выплата",
	"app.containers.DataMiner.profitability": "Доходность",
	"app.containers.DataMiner.revenuePerDay": "Доход в день",
	"app.containers.DataMiner.topCounters": "Топ счетчиков",
	"app.containers.DataMiner.uniqVisitorsReward": "Учтенные посетители",
	"app.containers.DataMiner.uniqueVisitors": "Уникальные посетители",
	"app.containers.DataMiner.unpaidBalance": "К выплате",
	"app.containers.DataMiner.visitorsStatistics": "Регионы",
	"app.containers.DataMiner.countersOnline": "Счетчиков онлайн",
	"app.containers.DataMiner.accountbalance": "Баланс",
	"app.containers.DataMiner.visitors": "Посетители",
	"app.containers.DataMiner.regions": "Регионы",
	"app.containers.DataMiner.devices": "Устройства",
	"app.containers.DataMiner.channel": "Каналы",
	"app.containers.DataMiner.profitCounters": "Топ счетчиков",
	"app.containers.DataMiner.warning": "Предупреждение",
	"app.containers.DataMiner.warningtext": "Платформа Data Mining работает в тестовом режиме.",
	"app.containers.DataMiner.pay": "Пополнить",
	"app.containers.DataMiner.amount": "Сумма",
	"app.containers.DataMiner.depositamount": "Введите сумму пополнения",
	"app.containers.DataMiner.payattention": "Внимание! Минимальная сумма пополнения составляет 100 долларов.",
	"app.containers.DataMiner.payannotation": "Для зачисления средств на баланс лицевого счета рекламодателя:",
	"app.containers.DataMiner.payannotation1": "Выберите удобный способ оплаты",
	"app.containers.DataMiner.payannotation2": "Введите сумму для пополнения и нажмите «Пополнить»",
	"app.containers.DataMiner.payannotation3": "Следуйте подсказкам системы для оплаты",
	"app.containers.HomePage.header": "",
	"app.containers.NotFoundPage.header": "Страница не найдена",
	"app.containers.Passport.header": "",
	"app.containers.Publisher.CPC": "",
	"app.containers.Publisher.CTR": "",
	"app.containers.Publisher.PublisherHeader": "",
	"app.containers.Publisher.RPM": "",
	"app.containers.Publisher.addSlot": "",
	"app.containers.Publisher.averageCPC": "",
	"app.containers.Publisher.averageProfitability": "",
	"app.containers.Publisher.clicksCount": "",
	"app.containers.Publisher.counterHeader": "",
	"app.containers.Publisher.nextPayout": "",
	"app.containers.Publisher.profitability": "",
	"app.containers.Publisher.revenuePerDay": "Доход за день",
	"app.containers.Publisher.sex": "",
	"app.containers.Publisher.slotWasShown": "",
	"app.containers.Publisher.topSites": "",
	"app.containers.Publisher.uniqVisitorsReward": "",
	"app.containers.Publisher.unpaidBalance": "",
	"app.containers.Publisher.visitorsStatistics": "",
	"app.containers.UserPage.address1": "Адрес",
	"app.containers.UserPage.address2": "Адрес",
	"app.containers.UserPage.birthday": "День рождения",
	"app.containers.UserPage.city": "Город",
	"app.containers.UserPage.companyTab": "Мои компании",
	"app.containers.UserPage.country": "Страна",
	"app.containers.UserPage.description": "Описание",
	"app.containers.UserPage.email": "Email",
	"app.containers.UserPage.employed": "ИП",
	"app.containers.UserPage.employment": "Работаю",
	"app.containers.UserPage.employmentStatus": "Статус занятости",
	"app.containers.UserPage.firstName": "Имя",
	"app.containers.UserPage.gender": "Пол",
	"app.containers.UserPage.inheritance": "Наследтсво",
	"app.containers.UserPage.investments": "Вложения",
	"app.containers.UserPage.kyc": "",
	"app.containers.UserPage.kycFile1": "",
	"app.containers.UserPage.kycFile2": "",
	"app.containers.UserPage.kycFile3": "",
	"app.containers.UserPage.language": "Язык",
	"app.containers.UserPage.lastName": "Фамилия",
	"app.containers.UserPage.myContacts": "Мои контакты",
	"app.containers.UserPage.myWallets": "Мои кошельки",
	"app.containers.UserPage.nameOfDocument": "Название документа",
	"app.containers.UserPage.numberOfDocument": "Номер документа",
	"app.containers.UserPage.other": "Другое",
	"app.containers.UserPage.ownershipOfABusiness": "Собственный бизнес",
	"app.containers.UserPage.personalTab": "персонал таб",
	"app.containers.UserPage.phone": "Телефон",
	"app.containers.UserPage.postcode": "Почтовый индекс",
	"app.containers.UserPage.profile": "Профиль",
	"app.containers.UserPage.selfEmployed": "Самозанятый",
	"app.containers.UserPage.sourceOfFinancing": "Источники дохода",
	"app.containers.UserPage.unemployed": "Безработный",
	"app.sidebar.addcounter": "Добавить счетчик",
	"app.sidebar.counters": "Счетчики",
	"app.sidebar.counterstats": "",
	"app.sidebar.dashboard": "Панель управления",
	"app.sidebar.faq": "FAQ",
	"app.sidebar.mySlots": "",
	"app.sidebar.mySlots.slotsDesktop": "",
	"app.sidebar.mySlots.slotsMobile": "",
	"app.sidebar.mySlots.slotsSdk": "",
	"app.sidebar.orderPayment": "Запрос выплаты",
	"app.sidebar.payments": "Оплата",
	"app.sidebar.payments.history": "История платежей",
	"app.sidebar.payments.pay": "Баланс",
	"app.sidebar.reports": "Отчеты",
	"app.sidebar.reports.channel": "Канал",
	"app.sidebar.reports.devices": "Устройства",
	"app.sidebar.reports.profitCounters": "Топ счетчиков",
	"app.sidebar.reports.regions": "Регионы",
	"app.sidebar.reports.uniqueVisitors": "Уникальные",
	"app.sidebar.reports.visitors": "Посетители",
	"app.sidebar.settings": "Настройки",
	"app.sidebar.user": "Пользователь",
	"app.navbar.profile": "Профиль",
	"app.navbar.logout": "Выйти"
}
